{
    "predict_gen_len": 34.23164682539682,
    "predict_loss": 2.750379800796509,
    "predict_rouge1": 38.9266,
    "predict_rouge2": 34.5549,
    "predict_rougeL": 37.3495,
    "predict_rougeLsum": 38.4719,
    "predict_runtime": 273.1252,
    "predict_samples": 2016,
    "predict_samples_per_second": 7.381,
    "predict_steps_per_second": 0.74
}