{
    "predict_gen_len": 89.59871031746032,
    "predict_loss": 0.23015204071998596,
    "predict_rouge1": 85.0387,
    "predict_rouge2": 82.0839,
    "predict_rougeL": 84.3853,
    "predict_rougeLsum": 84.9076,
    "predict_runtime": 580.0392,
    "predict_samples": 2016,
    "predict_samples_per_second": 3.476,
    "predict_steps_per_second": 0.174
}