{
    "predict_gen_len": 34.72718253968254,
    "predict_loss": 1.9040247201919556,
    "predict_rouge1": 48.4818,
    "predict_rouge2": 46.9108,
    "predict_rougeL": 48.3837,
    "predict_rougeLsum": 48.4749,
    "predict_runtime": 121.9734,
    "predict_samples": 2016,
    "predict_samples_per_second": 16.528,
    "predict_steps_per_second": 1.656
}