{
    "predict_gen_len": 89.51289682539682,
    "predict_loss": 0.2320832461118698,
    "predict_rouge1": 84.9832,
    "predict_rouge2": 82.0307,
    "predict_rougeL": 84.3235,
    "predict_rougeLsum": 84.8496,
    "predict_runtime": 881.7011,
    "predict_samples": 2016,
    "predict_samples_per_second": 2.286,
    "predict_steps_per_second": 0.229
}